email_username,password
tester_ev_1,Password123!
tester_ev_2,Password123!
tester_ev_3,Password123!
tester_ev_4,Password123!
tester_ev_5,Password123!
tester_ev_6,Password123!
tester_ev_7,Password123!
tester_ev_8,Password123!
tester_ev_9,Password123!
tester_ev_10,Password123!
tester_ev_11,Password123!
tester_ev_12,Password123!
tester_ev_13,Password123!
tester_ev_14,Password123!
tester_ev_15,Password123!
tester_ev_16,Password123!
tester_ev_17,Password123!
tester_ev_18,Password123!
tester_ev_19,Password123!
tester_ev_20,Password123!
tester_ev_21,Password123!
tester_ev_22,Password123!
tester_ev_23,Password123!
tester_ev_24,Password123!
tester_ev_25,Password123!
tester_ev_26,Password123!
tester_ev_27,Password123!
tester_ev_28,Password123!
tester_ev_29,Password123!
tester_ev_30,Password123!
tester_ev_31,Password123!
tester_ev_32,Password123!
tester_ev_33,Password123!
tester_ev_34,Password123!
tester_ev_35,Password123!
tester_ev_36,Password123!
tester_ev_37,Password123!
tester_ev_38,Password123!
tester_ev_39,Password123!
tester_ev_40,Password123!
tester_ev_41,Password123!
tester_ev_42,Password123!
tester_ev_43,Password123!
tester_ev_44,Password123!
tester_ev_45,Password123!
tester_ev_46,Password123!
tester_ev_47,Password123!
tester_ev_48,Password123!
tester_ev_49,Password123!
tester_ev_50,Password123!
tester_ev_51,Password123!
tester_ev_52,Password123!
tester_ev_53,Password123!
tester_ev_54,Password123!
tester_ev_55,Password123!
tester_ev_56,Password123!
tester_ev_57,Password123!
tester_ev_58,Password123!
tester_ev_59,Password123!
tester_ev_60,Password123!
tester_ev_61,Password123!
tester_ev_62,Password123!
tester_ev_63,Password123!
tester_ev_64,Password123!
tester_ev_65,Password123!
tester_ev_66,Password123!
tester_ev_67,Password123!
tester_ev_68,Password123!
tester_ev_69,Password123!
tester_ev_70,Password123!
tester_ev_71,Password123!
tester_ev_72,Password123!
tester_ev_73,Password123!
tester_ev_74,Password123!
tester_ev_75,Password123!
tester_ev_76,Password123!
tester_ev_77,Password123!
tester_ev_78,Password123!
tester_ev_79,Password123!
tester_ev_80,Password123!
tester_ev_81,Password123!
tester_ev_82,Password123!
tester_ev_83,Password123!
tester_ev_84,Password123!
tester_ev_85,Password123!
tester_ev_86,Password123!
tester_ev_87,Password123!
tester_ev_88,Password123!
tester_ev_89,Password123!
tester_ev_90,Password123!
tester_ev_91,Password123!
tester_ev_92,Password123!
tester_ev_93,Password123!
tester_ev_94,Password123!
tester_ev_95,Password123!
tester_ev_96,Password123!
tester_ev_97,Password123!
tester_ev_98,Password123!
tester_ev_99,Password123!
tester_ev_100,Password123!
